{
    "foreground_intensity_properties_per_channel": {
        "0": {
            "max": 3071.0,
            "mean": 32.46885299682617,
            "median": 34.0,
            "min": -3024.0,
            "percentile_00_5": -3.0,
            "percentile_99_5": 88.0,
            "std": 27.41019630432129
        }
    },
    "median_relative_size_after_cropping": 1.0,
    "shapes_after_crop": [
        [
            28,
            512,
            512
        ],
        [
            28,
            512,
            512
        ],
        [
            28,
            512,
            512
        ],
        [
            28,
            512,
            512
        ],
        [
            28,
            512,
            512
        ],
        [
            28,
            512,
            512
        ],
        [
            28,
            512,
            512
        ],
        [
            28,
            512,
            512
        ],
        [
            28,
            512,
            512
        ],
        [
            28,
            512,
            512
        ],
        [
            28,
            512,
            512
        ],
        [
            28,
            512,
            512
        ],
        [
            24,
            512,
            512
        ],
        [
            24,
            512,
            512
        ],
        [
            32,
            512,
            512
        ],
        [
            24,
            512,
            512
        ],
        [
            28,
            512,
            512
        ],
        [
            28,
            512,
            512
        ],
        [
            28,
            512,
            512
        ],
        [
            27,
            512,
            512
        ],
        [
            28,
            512,
            512
        ],
        [
            38,
            512,
            512
        ],
        [
            32,
            512,
            512
        ],
        [
            28,
            512,
            512
        ],
        [
            28,
            512,
            512
        ],
        [
            28,
            512,
            512
        ],
        [
            28,
            512,
            512
        ],
        [
            28,
            512,
            512
        ],
        [
            28,
            512,
            512
        ],
        [
            28,
            512,
            512
        ],
        [
            27,
            512,
            512
        ],
        [
            24,
            512,
            512
        ],
        [
            28,
            512,
            512
        ],
        [
            32,
            512,
            512
        ],
        [
            28,
            512,
            512
        ],
        [
            28,
            512,
            512
        ],
        [
            28,
            512,
            512
        ],
        [
            28,
            512,
            512
        ],
        [
            28,
            512,
            512
        ],
        [
            28,
            512,
            512
        ],
        [
            28,
            512,
            512
        ],
        [
            28,
            512,
            512
        ],
        [
            28,
            512,
            512
        ],
        [
            24,
            512,
            512
        ],
        [
            28,
            512,
            512
        ],
        [
            28,
            512,
            512
        ],
        [
            28,
            512,
            512
        ],
        [
            21,
            512,
            512
        ],
        [
            24,
            512,
            512
        ],
        [
            28,
            512,
            512
        ],
        [
            34,
            512,
            512
        ],
        [
            28,
            512,
            512
        ],
        [
            34,
            512,
            512
        ]
    ],